Date/Time,LV ActivePower (kW),Wind Speed (m/s),Theoretical_Power_Curve (KWh),Wind Direction (deg),Power_Deviation_kW,Capacity_Factor
2018-01-04 12:40:00,0.0,2.88811206817626,0.0,0.0,0.0,0.0
2018-01-04 15:40:00,0.0,4.43689489364624,208.760610827014,0.0,-208.7606,0.0
2018-01-04 19:00:00,1190.81604003906,7.06866693496704,1047.20196551832,33.4983406066894,143.6141,0.330782
2018-01-04 19:10:00,963.732482910156,6.64155101776123,862.482569014037,33.8251914978027,101.2499,0.267703
2018-01-04 19:20:00,980.97607421875,6.69016408920288,882.408422848549,27.367389678955,98.5677,0.272493
2018-01-04 19:30:00,777.847900390625,6.3633370399475,753.562342292042,29.6754493713378,24.2856,0.216069
2018-01-04 20:10:00,1139.24096679687,6.95341396331787,995.154563524479,35.4407501220703,144.0864,0.316456
2018-01-04 21:10:00,470.801208496093,5.49340915679931,467.105923365275,33.0264701843261,3.6953,0.130778
2018-01-04 21:20:00,387.340209960937,5.12414121627807,367.092811212528,30.5097103118896,20.2474,0.107595
2018-01-04 21:30:00,402.474792480468,5.28506612777709,409.242485040369,27.6515197753906,-6.7677,0.111799
2018-01-04 21:40:00,460.291198730468,5.539794921875,480.520802901449,28.0042705535888,-20.2296,0.127859
2018-01-04 21:50:00,619.872375488281,6.01567316055297,629.291115268034,25.7741394042968,-9.4187,0.172187
2018-01-04 22:00:00,470.200103759765,5.59703207015991,497.350886354553,23.5009498596191,-27.1508,0.130611
2018-01-04 22:10:00,691.014099121093,6.27731418609619,721.605069621554,23.7262496948242,-30.591,0.191948
2018-01-04 22:20:00,826.995178222656,6.49335289001464,803.39325578714,20.4269008636474,23.6019,0.229721
2018-01-04 22:30:00,892.424377441406,6.78659105300903,922.744893395283,25.2184200286865,-30.3205,0.247896
2018-01-04 22:40:00,907.188415527343,6.7644019126892,913.366218909139,30.2369308471679,-6.1778,0.251997
2018-01-04 22:50:00,545.265319824218,5.72493696212768,536.095229037331,29.6721992492675,9.1701,0.151463
2018-01-04 23:00:00,688.835815429687,6.23816680908203,707.326292982995,30.0023193359375,-18.4905,0.191343
2018-01-04 23:10:00,591.908874511718,5.94540119171142,606.724576366331,29.6430892944335,-14.8157,0.164419
2018-01-04 23:20:00,660.694274902343,6.17223978042602,683.651640952665,30.3978595733642,-22.9574,0.183526
2018-01-04 23:30:00,747.407470703125,6.35161781311035,749.161520527516,30.2831096649169,-1.754,0.207613
2018-01-04 23:40:00,1174.24304199218,7.16898393630981,1093.90949258296,18.9728107452392,80.3335,0.326179
2018-01-04 23:50:00,873.481018066406,6.62922191619873,857.472104093693,17.2263393402099,16.0089,0.242634
2018-01-05 00:00:00,845.205017089843,6.55459403991699,827.511984963827,12.580470085144,17.693,0.234779
2018-01-05 00:10:00,837.063720703125,6.39504098892211,765.542755568387,9.42906093597412,71.521,0.232518
2018-01-05 00:20:00,949.494323730468,6.79710102081298,927.207512307014,4.9617691040039,22.2868,0.263748
2018-01-05 00:50:00,994.749572753906,6.6828122138977,879.377522642319,2.56614089012145,115.3721,0.276319
2018-01-05 01:00:00,933.423217773437,6.72106218338012,895.215030395601,7.87672519683837,38.2082,0.259284
2018-01-05 01:10:00,1049.43298339843,7.13179683685302,1076.43932716047,14.1033201217651,-27.0063,0.291509
2018-01-05 01:20:00,671.72412109375,6.14859819412231,675.275248367427,20.3353900909423,-3.5511,0.18659
2018-01-05 01:30:00,966.831176757812,6.89609909057617,969.893966574517,21.0418395996093,-3.0628,0.268564
2018-01-05 01:40:00,982.259094238281,6.92629480361938,983.151525234918,22.9359607696533,-0.8924,0.27285
2018-01-05 01:50:00,825.661926269531,6.56795406341552,832.829313407002,33.3714599609375,-7.1674,0.229351
2018-01-05 02:00:00,723.139221191406,6.39893102645874,767.020286706896,32.3004989624023,-43.8811,0.200872
2018-01-05 02:10:00,418.641204833984,5.44660520553588,453.770274626348,30.1681098937988,-35.1291,0.116289
2018-01-05 02:20:00,327.276214599609,5.10869312286376,363.157689527439,27.0823593139648,-35.8815,0.09091
2018-01-05 02:30:00,388.316802978515,5.23251485824584,395.24227043568,22.6045608520507,-6.9255,0.107866
2018-01-05 02:40:00,167.221801757812,4.24392986297607,169.675934316609,30.5962600708007,-2.4541,0.046451
2018-01-05 02:50:00,137.246795654296,4.13709306716918,148.880743145676,32.7886085510253,-11.6339,0.038124
2018-01-05 03:00:00,130.767105102539,4.16093921661376,153.473005494325,30.1825408935546,-22.7059,0.036324
2018-01-05 03:10:00,117.811897277832,4.12410688400268,146.391479624623,31.85325050354,-28.5796,0.032726
2018-01-05 03:20:00,111.342903137207,4.12605905532836,146.765164260277,26.3212509155273,-35.4223,0.030929
2018-01-05 03:30:00,114.295501708984,4.20470380783081,161.974168210162,25.6785907745361,-47.6787,0.031749
2018-01-05 03:40:00,143.78709411621,4.35526800155639,191.977086638574,27.0825691223144,-48.19,0.039941
2018-01-05 04:00:00,183.669998168945,4.43410491943359,208.180679196511,29.7468204498291,-24.5107,0.051019
2018-01-05 04:10:00,82.1443786621093,3.67804098129272,74.4764771863593,25.8437404632568,7.6679,0.022818
2018-01-05 04:20:00,139.947204589843,4.06360006332397,134.898730777448,21.2447204589843,5.0485,0.038874
2018-01-05 04:30:00,434.501098632812,5.48846006393432,465.686349768832,17.4540691375732,-31.1853,0.120695
2018-01-05 04:40:00,474.061096191406,5.62583494186401,505.937591120621,12.9963903427124,-31.8765,0.131684
2018-01-05 04:50:00,415.149993896484,5.39448976516723,439.153842314447,12.5143098831176,-24.0038,0.115319
2018-01-05 05:00:00,435.026397705078,5.45726490020751,456.789983064642,12.408329963684,-21.7636,0.120841
2018-01-05 05:10:00,402.387512207031,5.4509048461914,454.987052220064,15.8747501373291,-52.5995,0.111774
2018-01-05 05:20:00,257.217010498046,4.76416110992431,280.105455650518,9.02456188201904,-22.8884,0.071449
2018-01-05 05:30:00,137.417098999023,4.10118198394775,142.016810668051,7.71267700195312,-4.5997,0.038171
2018-01-05 05:40:00,102.358703613281,3.94112300872802,116.97293768388,7.58183717727661,-14.6142,0.028433
2018-01-05 05:50:00,92.7376708984375,3.87789607048034,105.748795100558,11.4205598831176,-13.0111,0.02576
2018-01-05 06:00:00,78.115493774414,3.83692789077758,98.8175560537966,29.3313694000244,-20.7021,0.021699
2018-01-05 06:10:00,110.311698913574,4.13058805465698,147.632810693895,25.0441303253173,-37.3211,0.030642
2018-01-05 06:20:00,102.55280303955,4.08198118209838,138.371917020504,24.6856594085693,-35.8191,0.028487
2018-01-05 06:30:00,77.8506164550781,3.83995699882507,99.3208447524203,24.0712699890136,-21.4702,0.021625
2018-01-05 06:40:00,81.452781677246,3.97587704658508,123.414946294853,23.4211902618408,-41.9622,0.022626
2018-01-05 10:50:00,0.0,1.2870899438858,0.0,30.2011909484863,0.0,0.0
2018-01-05 11:00:00,0.0,1.37072801589965,0.0,24.338279724121,0.0,0.0
2018-01-06 02:40:00,0.0,0.943695187568664,0.0,34.1208381652832,0.0,0.0
2018-01-06 06:10:00,0.0,0.808616280555725,0.0,33.7717094421386,0.0,0.0
2018-01-06 08:40:00,0.0,0.485388904809952,0.0,31.7203998565673,0.0,0.0
2018-01-06 11:30:00,0.0,3.57755708694458,61.1676018766193,0.0,-61.1676,0.0
2018-01-06 17:30:00,0.0,4.70441198348999,266.565907625028,0.0,-266.5659,0.0
2018-01-09 07:30:00,0.0,2.49568605422973,0.0,5.53817415237426,0.0,0.0
2018-01-09 07:40:00,0.0,3.06682205200195,18.4955205947626,17.8292007446289,-18.4955,0.0
2018-01-09 07:50:00,0.0,3.16240906715393,23.3072265564306,25.9432792663574,-23.3072,0.0
2018-01-09 08:00:00,0.0,2.50178408622741,0.0,14.1450901031494,0.0,0.0
2018-01-10 05:00:00,0.0,1.33716905117034,0.0,34.5308685302734,0.0,0.0
2018-01-10 05:40:00,0.0,1.76100397109985,0.0,12.0184898376464,0.0,0.0
2018-01-10 06:50:00,0.0,0.447999805212021,0.0,11.8933401107788,0.0,0.0
2018-01-11 09:30:00,0.0,10.5264902114868,3078.32492068302,0.0,-3078.3249,0.0
2018-01-11 09:50:00,0.0,0.0,0.0,0.0,0.0,0.0
2018-01-11 10:00:00,0.0,9.11311817169189,2217.15435509404,0.0,-2217.1544,0.0
2018-01-11 10:40:00,0.0,8.29993629455566,1706.14851764153,0.0,-1706.1485,0.0
2018-01-12 02:30:00,0.0,2.75033998489379,0.0,0.0,0.0,0.0
2018-01-12 15:30:00,0.0,2.00941491127014,0.0,15.3454103469848,0.0,0.0
2018-01-12 15:40:00,0.0,1.75704002380371,0.0,18.2461700439453,0.0,0.0
2018-01-12 15:50:00,0.0,2.04632902145385,0.0,25.336519241333,0.0,0.0
2018-01-12 16:00:00,0.0,2.63306307792663,0.0,12.3290996551513,0.0,0.0
2018-01-12 18:00:00,39.2279891967773,3.53976893424987,56.580646086496,35.2826805114746,-17.3527,0.010897
2018-01-12 18:10:00,83.367202758789,3.68402099609375,75.3194497227668,29.3700008392333,8.0478,0.023158
2018-01-12 18:20:00,372.353912353515,5.19648885726928,385.777979563871,24.8766803741455,-13.4241,0.103432
2018-01-12 18:30:00,370.779602050781,5.08709907531738,357.688758848471,34.077350616455,13.0908,0.102994
2018-01-12 18:40:00,193.84519958496,4.3173189163208,184.300957600377,33.5610389709472,9.5442,0.053846
2018-01-13 23:20:00,359.206085205078,14.7382097244262,3600.0,35.0669898986816,-3240.7939,0.099779
2018-01-13 23:30:00,372.734985351562,14.2414503097534,3600.0,35.0302009582519,-3227.265,0.103537
2018-01-13 23:40:00,379.55810546875,14.0689496994018,3600.0,34.6398391723632,-3220.4419,0.105433
2018-01-13 23:50:00,383.7080078125,14.5449495315551,3600.0,33.9610290527343,-3216.292,0.106586
2018-01-14 00:00:00,390.611694335937,14.9113903045654,3600.0,34.1698608398437,-3209.3883,0.108503
2018-01-14 00:10:00,397.615814208984,16.8438205718994,3600.0,34.927318572998,-3202.3842,0.110449
2018-01-14 00:20:00,417.4453125,16.130220413208,3600.0,35.5670318603515,-3182.5547,0.115957
2018-01-14 00:30:00,884.418884277343,16.2872695922851,3600.0,34.9915199279785,-2715.5811,0.245672
2018-01-14 00:40:00,824.119201660156,15.2412996292114,3600.0,35.7442588806152,-2775.8808,0.228922
2018-01-14 00:50:00,794.039611816406,16.4513797760009,3600.0,34.7940292358398,-2805.9604,0.220567
2018-01-14 01:00:00,1217.88403320312,16.0803604125976,3600.0,34.0883102416992,-2382.116,0.338301
2018-01-14 01:10:00,1284.39099121093,16.750539779663,3600.0,35.0236206054687,-2315.609,0.356775
2018-01-14 01:20:00,1074.52404785156,15.5585298538208,3600.0,35.9680404663085,-2525.476,0.298479
2018-01-14 01:30:00,712.566223144531,14.3506898880004,3600.0,35.2927703857421,-2887.4338,0.197935
2018-01-14 01:40:00,407.412200927734,14.5258302688598,3600.0,35.4132499694824,-3192.5878,0.11317
2018-01-14 01:50:00,473.298614501953,15.0580196380615,3600.0,34.6988906860351,-3126.7014,0.131472
2018-01-14 02:00:00,434.62368774414,14.7447299957275,3600.0,34.1755294799804,-3165.3763,0.120729
2018-01-14 02:10:00,769.184997558593,15.1647300720214,3600.0,35.1201591491699,-2830.815,0.213662
2018-01-14 02:20:00,1222.27600097656,16.7761192321777,3600.0,35.4156417846679,-2377.724,0.339521
2018-01-14 02:30:00,934.477600097656,15.5120601654052,3600.0,35.1131591796875,-2665.5224,0.259577
2018-01-14 02:40:00,848.723022460937,15.6918001174926,3600.0,34.2719001770019,-2751.277,0.235756
2018-01-14 02:50:00,983.657104492187,15.9546003341674,3600.0,34.521369934082,-2616.3429,0.273238
2018-01-14 03:00:00,1241.89404296875,16.0805892944335,3600.0,34.2409896850585,-2358.106,0.344971
2018-01-14 03:10:00,761.782470703125,14.677900314331,3600.0,34.7669105529785,-2838.2175,0.211606
2018-01-14 03:20:00,809.836181640625,15.8119401931762,3600.0,33.8153381347656,-2790.1638,0.224954
2018-01-14 04:10:00,794.236328125,14.783709526062,3600.0,31.4865608215332,-2805.7637,0.220621
2018-01-14 04:20:00,1020.68200683593,15.414810180664,3600.0,34.2835388183593,-2579.318,0.283523
2018-01-14 04:30:00,555.554626464843,12.1872596740722,3548.1131106298,33.7735595703125,-2992.5585,0.154321
2018-01-14 04:40:00,1046.82897949218,15.7519197463989,3600.0,35.8266296386718,-2553.171,0.290786
2018-01-14 04:50:00,987.766723632812,15.3673496246337,3600.0,35.6058807373046,-2612.2333,0.27438
2018-01-14 08:00:00,373.133514404296,14.0608501434326,3600.0,27.7726593017578,-3226.8665,0.103648
2018-01-14 08:10:00,342.989196777343,12.9397602081298,3597.59503297045,29.350149154663,-3254.6058,0.095275
2018-01-14 08:20:00,312.308807373046,12.9260597229003,3597.44495912995,31.5925598144531,-3285.1362,0.086752
2018-01-14 08:30:00,274.645690917968,12.127459526062,3540.39387903615,31.2190704345703,-3265.7482,0.07629
2018-01-14 08:40:00,69.4329528808593,9.36560153961181,2381.83245170735,35.6330909729003,-2312.3995,0.019287
2018-01-14 08:50:00,0.0,8.40148162841796,1767.60080051424,29.1091995239257,-1767.6008,0.0
2018-01-14 09:10:00,0.0,8.18556976318359,1637.98764903987,34.9093704223632,-1637.9876,0.0
2018-01-14 09:40:00,0.0,7.96202707290649,1508.32668163545,32.9673309326171,-1508.3267,0.0
2018-01-14 10:10:00,0.0,8.31722354888916,1716.55034410805,34.0599899291992,-1716.5503,0.0
2018-01-14 11:00:00,0.0,6.79081106185913,924.535166262966,34.4278602600097,-924.5352,0.0
2018-01-14 11:10:00,0.0,7.76433515548706,1398.06842242504,34.9683303833007,-1398.0684,0.0
2018-01-14 11:30:00,0.0,8.12233352661132,1600.81092552575,35.1544609069824,-1600.8109,0.0
2018-01-14 11:40:00,0.0,8.07415294647216,1572.74272451212,32.4882888793945,-1572.7427,0.0
2018-01-14 12:20:00,0.0,8.22517967224121,1661.46307417631,29.3114299774169,-1661.4631,0.0
2018-01-14 12:30:00,0.0,8.49853515625,1827.09036556411,27.4899406433105,-1827.0904,0.0
2018-01-14 12:40:00,0.0,8.43370342254638,1787.2724396018,33.4502487182617,-1787.2724,0.0
2018-01-14 12:50:00,0.0,8.86438941955566,2056.96236680899,32.7756614685058,-2056.9624,0.0
2018-01-14 13:10:00,0.0,8.05898475646972,1563.95365334933,34.8027000427246,-1563.9537,0.0
2018-01-14 14:10:00,0.0,8.02682590484619,1545.39604312744,29.5261001586914,-1545.396,0.0
2018-01-14 14:20:00,0.0,7.37786102294921,1195.59104297354,28.1435508728027,-1195.591,0.0
2018-01-14 15:40:00,0.0,6.55409479141235,827.313670986414,33.7028999328613,-827.3137,0.0
2018-01-18 12:50:00,0.0,5.67259311676025,520.047105079295,0.0,-520.0471,0.0
2018-01-18 13:00:00,0.0,7.41416883468627,1213.90503038567,0.0,-1213.905,0.0
2018-01-22 10:00:00,438.949890136718,5.14518880844116,372.485042600435,32.5729484558105,66.4648,0.121931
2018-01-22 10:10:00,637.485290527343,5.89201498031616,589.160568725823,21.290090560913,48.3247,0.177079
2018-01-22 10:20:00,1095.47705078125,6.84740591049194,948.750215359448,16.6057605743408,146.7268,0.304299
2018-01-22 10:30:00,1148.5849609375,7.16633319854736,1092.65804609479,15.9958095550537,55.9269,0.319051
2018-01-22 10:40:00,854.547912597656,6.65035200119018,866.069856572719,16.1623592376708,-11.5219,0.237374
2018-01-22 10:50:00,990.412780761718,6.98497009277343,1009.23720896151,20.5433006286621,-18.8244,0.275115
2018-01-22 11:00:00,658.202026367187,6.13381576538085,670.068095567369,24.3496704101562,-11.8661,0.182834
2018-01-22 11:10:00,764.798828125,6.353196144104,749.75334849215,12.9121503829956,15.0455,0.212444
2018-01-22 11:20:00,890.985595703125,6.8033390045166,929.862428525111,14.0914497375488,-38.8768,0.247496
2018-01-22 11:30:00,974.411804199218,7.06092596054077,1043.65282765513,15.0965404510498,-69.241,0.27067
2018-01-22 11:40:00,1083.6259765625,7.23454809188842,1125.16780024084,16.250539779663,-41.5418,0.301007
2018-01-22 11:50:00,1417.35205078125,7.59576511383056,1307.70920048582,18.1666793823242,109.6429,0.393709
2018-01-22 12:00:00,1283.74096679687,7.31065320968627,1162.20017717779,17.7506103515625,121.5408,0.356595
2018-01-22 12:10:00,1429.17797851562,7.45062398910522,1232.49142399766,19.6692695617675,196.6866,0.396994
2018-01-22 12:20:00,1235.8740234375,6.81971788406372,936.855473757486,16.2352790832519,299.0185,0.343298
2018-01-22 12:30:00,1444.59802246093,6.96311283111572,999.469593930158,13.19225025177,445.1284,0.401277
2018-01-22 12:40:00,1304.09997558593,6.84409713745117,947.32391162107,14.1594200134277,356.7761,0.36225
2018-01-22 12:50:00,1441.36901855468,6.95676898956298,996.64588389467,13.7029399871826,444.7231,0.40038
2018-01-22 13:00:00,1380.72302246093,6.9227271080017,981.579249612825,13.4676399230957,399.1438,0.383534
2018-01-22 13:10:00,1443.19799804687,7.48279619216918,1249.06156211088,12.5235595703125,194.1364,0.400888
2018-01-22 13:20:00,1558.083984375,7.77090787887573,1401.66215481798,13.0431804656982,156.4218,0.432801
2018-01-22 13:30:00,1692.001953125,8.16678619384765,1626.9055554435,13.8033304214477,65.0964,0.470001
2018-01-22 13:40:00,1551.13793945312,7.55243921279907,1285.0689399579,13.6508903503417,266.069,0.430872
2018-01-22 13:50:00,1255.30895996093,6.90861511230468,975.375543616804,11.4514904022216,279.9334,0.348697
2018-01-22 14:00:00,1418.72900390625,7.0899429321289,1056.99697592762,12.1270303726196,361.732,0.394091
2018-01-22 14:10:00,1446.91198730468,7.37702322006225,1195.17074740913,14.0652103424072,251.7412,0.40192
2018-01-22 14:20:00,1113.50500488281,6.71487283706665,892.640789992321,14.8367004394531,220.8642,0.309307
2018-01-22 14:30:00,571.033630371093,5.56848621368408,488.918653962824,1.78864395618438,82.115,0.15862
2018-01-22 14:40:00,869.10888671875,6.28573894500732,724.699522948296,7.86097908020019,144.4094,0.241419
2018-01-22 14:50:00,582.829711914062,5.5937328338623,496.372369815875,6.70455503463745,86.4573,0.161897
2018-01-22 15:00:00,753.941589355468,6.03804016113281,636.896637203936,1.3862680196762,117.045,0.209428
2018-01-22 15:10:00,1548.46398925781,7.55816078186035,1288.04462993563,4.15328311920166,260.4194,0.430129
2018-01-22 15:20:00,1446.28894042968,7.5087342262268,1262.48286880648,8.35230159759521,183.8061,0.401747
2018-01-22 15:30:00,2998.82397460937,10.7063598632812,3158.60595792662,14.0498104095458,-159.782,0.833007
2018-01-22 15:40:00,2571.5029296875,9.8169240951538,2672.91465409719,10.6372804641723,-101.4117,0.714306
2018-01-22 15:50:00,2841.93310546875,10.4793901443481,3055.904273139,10.5737199783325,-213.9712,0.789426
2018-01-22 16:00:00,2575.88110351562,9.85411930084228,2698.01013446562,9.16639137268066,-122.129,0.715523
2018-01-22 16:10:00,3067.712890625,10.7033100128173,3157.31361801488,9.64276695251464,-89.6007,0.852142
2018-01-22 16:20:00,3104.43798828125,11.0685300827026,3296.10494332213,8.98112297058105,-191.667,0.862344
2018-01-22 16:30:00,3136.69189453125,11.5568895339965,3435.56244602857,6.35361003875732,-298.8706,0.871303
2018-01-22 16:40:00,3396.36694335937,11.9932203292846,3520.89182406216,6.03849792480468,-124.5249,0.943435
2018-01-22 16:50:00,3288.94189453125,11.6165504455566,3449.30279837283,7.62893915176391,-160.3609,0.913595
2018-01-22 17:00:00,3117.419921875,11.1758804321289,3331.06852049757,12.3310298919677,-213.6486,0.86595
2018-01-22 17:10:00,2875.15600585937,10.500129699707,3065.84983856996,11.5274600982666,-190.6938,0.798654
2018-01-22 17:20:00,3147.251953125,11.012559890747,3276.85849372455,6.73407506942749,-129.6065,0.874237
2018-01-22 17:30:00,3312.43408203125,11.8393602371215,3494.73057853277,5.95163488388061,-182.2965,0.920121
2018-01-22 17:40:00,2993.82690429687,10.4011402130126,3017.33043509702,9.34560489654541,-23.5035,0.831619
2018-01-22 17:50:00,2857.22412109375,10.2932901382446,2961.38545616819,12.4579200744628,-104.1613,0.793673
2018-01-22 18:00:00,2983.13891601562,10.8118200302124,3201.87494153512,12.2632999420166,-218.736,0.82865
2018-01-22 18:10:00,2653.5869140625,9.82496070861816,2678.37565131869,13.2353801727294,-24.7887,0.737107
2018-01-22 18:20:00,2437.35400390625,9.92494964599609,2744.54792569242,15.7743301391601,-307.1939,0.677043
2018-01-22 18:30:00,3581.49609375,14.0147304534912,3600.0,12.3690996170043,-18.5039,0.99486
2018-01-22 18:40:00,3596.59692382812,14.2423200607299,3600.0,11.8783197402954,-3.4031,0.999055
2018-01-22 18:50:00,3497.43603515625,13.3316202163696,3600.0,13.5998802185058,-102.564,0.97151
2018-01-22 19:00:00,3545.26904296875,14.5304498672485,3600.0,13.0393104553222,-54.731,0.984797
2018-01-22 19:10:00,2759.31396484375,12.0288801193237,3526.36963002264,21.5987892150878,-767.0557,0.766476
2018-01-22 19:20:00,2486.93603515625,10.506420135498,3068.84361035274,16.961950302124,-581.9076,0.690816
2018-01-22 19:30:00,2457.40698242187,12.0488195419311,3529.3382419322,10.2888402938842,-1071.9313,0.682613
2018-01-22 19:40:00,2236.212890625,11.9594497680664,3515.50318548154,12.4144496917724,-1279.2903,0.62117
2018-01-22 19:50:00,2138.02490234375,12.195309638977,3549.10738165213,7.17199182510375,-1411.0825,0.593896
2018-01-22 20:00:00,2168.04296875,12.507809638977,3579.71112490881,9.03818321228027,-1411.6682,0.602234
2018-01-22 20:10:00,2046.46899414062,11.2603302001953,3356.81626950617,11.0652103424072,-1310.3473,0.568464
2018-01-22 20:20:00,2164.32690429687,11.4187002182006,3401.07489374669,10.5410900115966,-1236.748,0.601202
2018-01-22 20:30:00,2066.59204101562,11.1361598968505,3318.42683563496,10.110179901123,-1251.8348,0.574053
2018-01-22 20:40:00,2041.22302246093,11.1035404205322,3307.78685638779,11.2868995666503,-1266.5638,0.567006
2018-01-22 20:50:00,2067.248046875,11.143250465393,3320.70874530893,10.7827701568603,-1253.4607,0.574236
2018-01-22 21:00:00,2125.26196289062,11.35791015625,3384.69611342134,10.6237602233886,-1259.4342,0.590351
2018-01-22 21:10:00,2034.32299804687,10.5971403121948,3110.85503541409,10.3628902435302,-1076.532,0.56509
2018-01-22 21:20:00,2053.8310546875,10.9959802627563,3271.02091232992,9.97141456604003,-1217.1899,0.570509
2018-01-22 21:30:00,2289.333984375,13.5425195693969,3600.0,9.68595314025878,-1310.666,0.635926
2018-01-22 21:40:00,630.113586425781,9.88767910003662,2720.26301602107,14.3303098678588,-2090.1494,0.175032
2018-01-22 21:50:00,0.0,8.96021461486816,2118.37511316451,16.119140625,-2118.3751,0.0
2018-01-22 22:00:00,0.0,8.75400829315185,1986.77852844457,16.7270698547363,-1986.7785,0.0
2018-01-22 22:10:00,0.0,8.92861366271972,2098.0766618926,13.245789527893,-2098.0767,0.0
2018-01-22 22:20:00,0.0,8.7220401763916,1966.57521351883,16.7137107849121,-1966.5752,0.0
2018-01-22 22:30:00,0.0,8.10025596618652,1587.92122260642,19.3872699737548,-1587.9212,0.0
2018-01-22 22:40:00,0.0,8.65168952941894,1922.32572536744,15.3783102035522,-1922.3257,0.0
2018-01-22 22:50:00,0.0,8.73900699615478,1977.29073792852,11.0657396316528,-1977.2907,0.0
2018-01-22 23:00:00,0.0,7.90551280975341,1476.36089522829,17.2473106384277,-1476.3609,0.0
2018-01-22 23:10:00,0.0,8.16013813018798,1622.99114057172,14.4426898956298,-1622.9911,0.0
2018-01-22 23:20:00,0.0,8.22140026092529,1659.21701890714,16.2912502288818,-1659.217,0.0
2018-01-22 23:30:00,0.0,8.38118839263916,1755.25322292478,12.4711503982543,-1755.2532,0.0
2018-01-22 23:40:00,0.0,8.00315189361572,1531.80218028888,16.7429790496826,-1531.8022,0.0
2018-01-22 23:50:00,0.0,8.30552196502685,1709.50668765758,16.6650390625,-1709.5067,0.0
2018-01-23 00:00:00,0.0,9.68226146697998,2578.17667449647,18.4932708740234,-2578.1767,0.0
2018-01-23 00:10:00,360.962585449218,13.0491199493408,3600.0,18.755630493164,-3239.0374,0.100267
2018-01-23 00:20:00,331.209503173828,13.3354797363281,3600.0,18.4880294799804,-3268.7905,0.092003
2018-01-23 00:30:00,340.059295654296,14.2972803115844,3600.0,17.9937496185302,-3259.9407,0.094461
2018-01-23 00:40:00,358.344696044921,13.7460203170776,3600.0,17.806640625,-3241.6553,0.09954
2018-01-23 00:50:00,413.465911865234,14.5828304290771,3600.0,18.7045497894287,-3186.5341,0.114852
2018-01-23 01:00:00,756.322021484375,12.5420598983764,3582.14115828257,19.0534191131591,-2825.8191,0.210089
2018-01-23 01:10:00,926.447814941406,13.1988697052001,3600.0,18.9457702636718,-2673.5522,0.257347
2018-01-23 01:20:00,1257.24304199218,14.7348403930664,3600.0,17.7624206542968,-2342.757,0.349234
2018-01-23 01:30:00,1090.69494628906,13.071660041809,3600.0,18.833360671997,-2509.3051,0.302971
2018-01-23 01:40:00,1268.16394042968,13.9810400009155,3600.0,17.8300704956054,-2331.8361,0.352268
2018-01-23 01:50:00,1445.63000488281,14.6004295349121,3600.0,17.7923107147216,-2154.37,0.401564
2018-01-23 02:00:00,1246.25500488281,13.0334396362304,3600.0,18.5041007995605,-2353.745,0.346182
2018-01-23 02:10:00,1611.93395996093,14.6309995651245,3600.0,17.8593006134033,-1988.066,0.447759
2018-01-23 02:20:00,1519.74304199218,13.6587200164794,3600.0,17.039400100708,-2080.257,0.422151
2018-01-23 02:30:00,1703.2939453125,14.6429996490478,3600.0,17.4283790588378,-1896.7061,0.473137
2018-01-23 02:40:00,1628.53198242187,13.9050798416137,3600.0,17.5814304351806,-1971.468,0.45237
2018-01-23 02:50:00,1582.06201171875,13.3831796646118,3600.0,17.502269744873,-2017.938,0.439462
2018-01-23 03:00:00,1602.22595214843,13.1128101348876,3600.0,17.6602096557617,-1997.774,0.445063
2018-01-23 03:10:00,1623.57897949218,13.8948202133178,3600.0,17.1517505645751,-1976.421,0.450994
2018-01-23 03:20:00,1645.00695800781,13.7957096099853,3600.0,17.1441001892089,-1954.993,0.456946
2018-01-23 03:30:00,1557.42504882812,11.4958801269531,3420.80022938523,15.8532800674438,-1863.3752,0.432618
2018-01-23 03:40:00,1335.75305175781,11.5314502716064,3429.49514768058,13.9914798736572,-2093.7421,0.371043
2018-01-23 03:50:00,919.691711425781,10.8293600082397,3208.80745386382,12.1935195922851,-2289.1157,0.25547
2018-01-23 04:00:00,124.881401062011,8.68379402160644,1942.48206066745,11.8968296051025,-1817.6007,0.034689
2018-01-23 04:10:00,0.0,7.85123777389526,1445.99238835278,13.5303497314453,-1445.9924,0.0
2018-01-23 04:20:00,0.0,7.83085012435913,1434.67073898527,11.0045900344848,-1434.6707,0.0
2018-01-23 04:30:00,0.0,7.85985422134399,1450.79148199126,11.594630241394,-1450.7915,0.0
2018-01-23 04:40:00,0.0,7.09462594985961,1059.16089220567,12.6519498825073,-1059.1609,0.0
2018-01-23 04:50:00,0.0,7.96772384643554,1511.56796150956,14.6259803771972,-1511.568,0.0
2018-01-23 05:00:00,0.0,8.4565315246582,1801.2571951077,14.9718599319458,-1801.2572,0.0
2018-01-23 05:10:00,0.0,7.92181921005249,1485.54860894492,16.3829593658447,-1485.5486,0.0
2018-01-23 05:20:00,0.0,8.27254962921142,1689.72183578922,17.3810501098632,-1689.7218,0.0
2018-01-23 05:30:00,0.0,7.62280893325805,1321.96504964512,25.555419921875,-1321.965,0.0
2018-01-23 05:40:00,0.0,7.78396797180175,1408.81814628866,23.3292808532714,-1408.8181,0.0
2018-01-23 05:50:00,0.0,8.01678276062011,1539.62211512014,19.7489204406738,-1539.6221,0.0
2018-01-23 06:00:00,0.0,8.96405887603759,2120.84736238423,24.6913795471191,-2120.8474,0.0
2018-01-23 06:10:00,0.0,7.57486581802368,1296.75736705766,29.2523002624511,-1296.7574,0.0
2018-01-23 06:20:00,0.0,7.32102298736572,1167.30960124355,26.5514602661132,-1167.3096,0.0
2018-01-23 06:30:00,0.0,7.28021001815795,1147.28871487636,26.1190490722656,-1147.2887,0.0
2018-01-23 06:40:00,0.0,7.51073694229125,1263.51222680365,28.1735591888427,-1263.5122,0.0
2018-01-23 06:50:00,0.0,6.77464818954467,917.689768647932,26.6590404510498,-917.6898,0.0
2018-01-23 07:00:00,0.0,7.38744688034057,1200.40727871551,26.870319366455,-1200.4073,0.0
2018-01-23 07:10:00,0.0,8.68585109710693,1943.77570450813,27.1648807525634,-1943.7757,0.0
2018-01-23 07:20:00,0.0,8.06414318084716,1566.94007955476,29.4704895019531,-1566.9401,0.0
2018-01-23 07:30:00,0.0,8.23845195770263,1669.36073661303,28.1963691711425,-1669.3607,0.0
2018-01-23 07:40:00,0.0,8.26156044006347,1683.14863379735,30.7629108428955,-1683.1486,0.0
2018-01-23 07:50:00,35.715518951416,8.41508865356445,1775.89819469713,31.2916107177734,-1740.1827,0.009921
2018-01-23 08:00:00,187.618103027343,10.9185695648193,3242.92739175305,22.4667797088623,-3055.3093,0.052116
2018-01-23 08:10:00,193.35530090332,10.2925796508789,2961.00601117831,24.509199142456,-2767.6507,0.05371
2018-01-23 08:20:00,172.922698974609,9.7607717514038,2634.15690710322,24.4146194458007,-2461.2342,0.048034
2018-01-23 08:30:00,261.980590820312,10.5749797821044,3100.79220826264,23.7484302520751,-2838.8116,0.072772
2018-01-23 08:40:00,155.7958984375,9.35851955413818,2377.19410354324,23.3566493988037,-2221.3982,0.043277
2018-01-23 08:50:00,121.010398864746,8.43222904205322,1786.37057511023,24.3038501739501,-1665.3602,0.033614
2018-01-23 09:00:00,151.622100830078,8.52264976501464,1841.97916711166,22.7741794586181,-1690.3571,0.042117
2018-01-23 09:10:00,263.114685058593,9.7986831665039,2660.44001266753,22.9170398712158,-2397.3253,0.073087
2018-01-23 09:20:00,269.465698242187,9.89809703826904,2727.09638236781,23.6632003784179,-2457.6307,0.074852
2018-01-23 09:30:00,146.92919921875,8.29679584503173,1704.26160416832,25.0993900299072,-1557.3324,0.040814
2018-01-23 09:40:00,175.74690246582,8.59385108947753,1886.17616663223,25.6650009155273,-1710.4293,0.048819
2018-01-23 09:50:00,206.819595336914,8.69769477844238,1951.22883314337,24.047679901123,-1744.4092,0.05745
2018-01-23 10:00:00,11.4660701751708,5.23081302642822,394.792761567768,25.5908107757568,-383.3267,0.003185
2018-01-23 10:10:00,0.0,5.07171487808227,353.81497082607,26.7584209442138,-353.815,0.0
2018-01-23 10:20:00,91.6740264892578,8.52394294738769,1842.77876867609,15.9293098449707,-1751.1047,0.025465
2018-01-23 10:30:00,151.334594726562,8.14893913269042,1616.40649069642,19.4518203735351,-1465.0719,0.042037
2018-01-23 10:40:00,205.846603393554,8.56748962402343,1869.77250485706,18.5785198211669,-1663.9259,0.05718
2018-01-23 10:50:00,5.4643530845642,6.91337776184082,977.466480794157,18.8703804016113,-972.0021,0.001518
2018-01-23 11:00:00,11.1063299179077,7.38992595672607,1201.6550504807,14.2574796676635,-1190.5487,0.003085
2018-01-23 11:10:00,179.070693969726,8.59488677978515,1886.82157832327,12.340160369873,-1707.7509,0.049742
2018-01-23 11:20:00,249.047393798828,9.20865440368652,2279.27631409254,12.2039604187011,-2030.2289,0.06918
2018-01-23 11:30:00,285.799011230468,9.42768955230712,2422.53014652712,12.0467500686645,-2136.7311,0.079389
2018-01-23 11:40:00,272.699798583984,8.68530654907226,1943.43322695794,13.2429599761962,-1670.7334,0.07575
2018-01-23 11:50:00,320.362396240234,9.2457103729248,2303.44030566201,11.228099822998,-1983.0779,0.08899
2018-01-23 12:00:00,267.157287597656,8.67272663116455,1935.52644182327,14.2400102615356,-1668.3692,0.07421
2018-01-23 12:10:00,202.496307373046,7.9563570022583,1505.10402460075,19.3470001220703,-1302.6077,0.056249
2018-01-23 12:20:00,340.409301757812,8.93351459503173,2101.22184535132,20.5672492980957,-1760.8125,0.094558
2018-01-23 12:30:00,301.866394042968,8.32735157012939,1722.6560658396,23.314640045166,-1420.7897,0.083852
2018-01-23 12:40:00,243.318801879882,7.89266014099121,1469.13976714296,21.9738597869873,-1225.821,0.067589
2018-01-23 12:50:00,349.315185546875,9.26482486724853,2315.91799955447,21.0527591705322,-1966.6028,0.097032
2018-01-23 13:00:00,240.053497314453,8.12932300567626,1604.90144597972,23.072919845581,-1364.8479,0.066682
2018-01-23 13:10:00,383.754791259765,9.68026161193847,2576.72306014568,22.1053104400634,-2192.9683,0.106599
2018-01-23 13:20:00,419.884613037109,9.88712978363037,2719.90172945873,26.4549598693847,-2300.0171,0.116635
2018-01-23 13:30:00,336.126403808593,8.47900867462158,1815.06503439744,25.1299705505371,-1478.9386,0.093368
2018-01-23 13:40:00,340.555114746093,8.78726387023925,2007.85592437558,26.4622993469238,-1667.3008,0.094599
2018-01-23 13:50:00,298.947509765625,8.06400966644287,1566.86274897078,28.547550201416,-1267.9152,0.083041
2018-01-23 14:00:00,309.944213867187,8.1800947189331,1634.75405964315,27.4116096496582,-1324.8098,0.086096
2018-01-23 14:10:00,409.492614746093,8.92230415344238,2094.02909861957,27.1777801513671,-1684.5365,0.113748
2018-01-23 14:20:00,467.788513183593,9.44717407226562,2435.31269641682,28.5717906951904,-1967.5242,0.129941
2018-01-23 14:30:00,388.260589599609,8.28607463836669,1697.82618318845,27.6763000488281,-1309.5656,0.10785
2018-01-23 14:40:00,328.168304443359,8.38947391510009,1760.29068404265,29.7092494964599,-1432.1224,0.091158
2018-01-23 14:50:00,240.596206665039,7.44249582290649,1228.32998471603,26.45871925354,-987.7338,0.066832
2018-01-23 15:00:00,338.0703125,8.34522247314453,1733.45035416624,24.0053405761718,-1395.38,0.093908
2018-01-23 15:10:00,357.772888183593,8.42412376403808,1781.41562300697,23.5849609375,-1423.6427,0.099381
2018-01-23 15:20:00,440.974914550781,8.98663997650146,2135.38179865759,23.542179107666,-1694.4069,0.122493
2018-01-23 15:30:00,435.666809082031,8.93618583679199,2102.93656836208,22.750389099121,-1667.2698,0.121019
2018-01-23 15:40:00,371.244995117187,8.47029685974121,1809.70887995458,22.5830898284912,-1438.4639,0.103124
2018-01-23 15:50:00,314.267913818359,7.68491601943969,1355.05679034121,24.2301998138427,-1040.7889,0.087297
2018-01-23 16:00:00,102.829696655273,6.42799186706542,778.110661421739,28.2556896209716,-675.281,0.028564
2018-01-23 16:10:00,0.0,6.46745491027832,793.319177373873,29.0559101104736,-793.3192,0.0
2018-01-23 16:20:00,274.614501953125,7.64093685150146,1331.5735235054,26.7710494995117,-1056.959,0.076282
2018-01-23 16:30:00,352.457000732421,7.99770021438598,1528.6799794709,27.9567604064941,-1176.223,0.097905
2018-01-23 16:40:00,371.73941040039,7.98017501831054,1518.66424284325,26.1997299194335,-1146.9248,0.103261
2018-01-23 16:50:00,388.75048828125,8.20776653289794,1651.1253588808,23.0599994659423,-1262.3749,0.107986
2018-01-23 17:00:00,336.581512451171,8.0542287826538,1561.20258524952,22.9574794769287,-1224.6211,0.093495
2018-01-23 17:10:00,295.278198242187,7.65851497650146,1340.9304393725,21.7911205291748,-1045.6522,0.082022
2018-01-23 17:20:00,318.232391357421,7.85369396209716,1447.35955185754,22.7313995361328,-1129.1272,0.088398
2018-01-23 17:30:00,198.98860168457,7.08461713790893,1054.53954253938,24.9845695495605,-855.5509,0.055275
2018-01-23 17:40:00,302.170593261718,7.80627107620239,1421.0850308275,25.9766693115234,-1118.9144,0.083936
2018-01-23 17:50:00,152.800399780273,6.41222810745239,772.083329066145,25.9822196960449,-619.2829,0.042445
2018-01-23 18:00:00,210.67430114746,6.92209386825561,981.30034689515,26.6361408233642,-770.626,0.058521
2018-01-23 18:10:00,338.853790283203,7.96156311035156,1508.06285389775,26.6808891296386,-1169.2091,0.094126
2018-01-23 18:20:00,448.997985839843,8.65271759033203,1922.9701945539,25.5891990661621,-1473.9722,0.124722
2018-01-23 18:30:00,487.1953125,8.80916309356689,2021.76818646441,25.8840503692626,-1534.5729,0.135332
2018-01-23 18:40:00,362.515197753906,7.71479082107543,1371.14615134187,26.9060592651367,-1008.631,0.100699
2018-01-23 18:50:00,413.906707763671,8.02532482147216,1544.53239436451,26.7714099884033,-1130.6257,0.114974
2018-01-23 19:00:00,517.039672851562,8.93250846862792,2100.57607468664,27.7739295959472,-1583.5364,0.143622
2018-01-23 19:10:00,563.60888671875,8.80669498443603,2020.1989676307,26.7794799804687,-1456.5901,0.156558
2018-01-23 19:20:00,698.687377929687,9.42684364318847,2421.97530473956,27.1741008758544,-1723.2879,0.19408
2018-01-23 19:30:00,772.543029785156,10.0518703460693,2823.93409330071,28.086009979248,-2051.3911,0.214595
2018-01-23 19:40:00,660.190673828125,9.44023418426513,2430.75935878519,28.8698501586914,-1770.5687,0.183386
2018-01-23 19:50:00,785.366577148437,10.0294599533081,2810.28375780181,28.0434207916259,-2024.9172,0.218157
2018-01-23 20:00:00,723.63427734375,9.80108737945556,2662.0905540621,27.9496097564697,-1938.4563,0.20101
2018-01-23 20:10:00,824.304870605468,10.3873901367187,3010.37880045145,27.8680400848388,-2186.0739,0.228974
2018-01-23 20:20:00,775.194091796875,10.2846403121948,2956.75608446169,28.0909690856933,-2181.562,0.215332
2018-01-23 20:30:00,577.198974609375,8.69956684112548,1952.40767105981,33.3779602050781,-1375.2087,0.160333
2018-01-23 20:40:00,534.490112304687,8.64382553100585,1917.39813768683,33.4317283630371,-1382.908,0.148469
2018-01-23 20:50:00,633.010681152343,9.34467220306396,2368.1272701934,32.5856018066406,-1735.1166,0.175836
2018-01-23 21:00:00,539.300476074218,8.562912940979,1866.92938099435,32.6596488952636,-1327.6289,0.149806
2018-01-23 21:10:00,849.400329589843,10.1403503417968,2876.3254053948,34.1865997314453,-2026.9251,0.235945
2018-01-23 21:20:00,803.519714355468,9.37858390808105,2390.33740339406,32.3554611206054,-1586.8177,0.2232
2018-01-23 21:30:00,633.208923339843,8.70477867126464,1955.69065268873,32.3210296630859,-1322.4817,0.175891
2018-01-23 21:40:00,595.684387207031,8.35916423797607,1741.88956773048,33.3318290710449,-1146.2052,0.165468
2018-01-23 21:50:00,518.3076171875,8.11302852630615,1595.37256469854,31.768440246582,-1077.0649,0.143974
2018-01-23 22:00:00,632.474487304687,8.75986194610595,1990.48417174084,32.8297080993652,-1358.0097,0.175687
2018-01-23 22:10:00,628.722778320312,8.77611637115478,2000.78391201669,33.0503387451171,-1372.0611,0.174645
2018-01-23 22:20:00,488.480712890625,7.7799367904663,1406.60719798062,32.1112899780273,-918.1265,0.135689
2018-01-23 22:30:00,731.173828125,9.1736192703247,2256.46369771133,32.6204299926757,-1525.2899,0.203104
2018-01-23 22:40:00,838.256103515625,9.43118953704833,2424.82592351175,31.6317806243896,-1586.5698,0.232849
2018-01-23 22:50:00,669.626403808593,8.55506134033203,1862.05513508027,26.1836204528808,-1192.4287,0.186007
2018-01-23 23:00:00,503.593505859375,7.87082910537719,1456.91629113141,26.6082096099853,-953.3228,0.139887
2018-01-23 23:10:00,966.931213378906,10.0196695327758,2804.27144708339,26.197919845581,-1837.3402,0.268592
2018-01-23 23:20:00,808.718017578125,9.52660274505615,2460.8252002132,26.2977695465087,-1652.1072,0.224644
2018-01-23 23:30:00,752.469177246093,9.16701507568359,2252.16736168179,26.7817401885986,-1499.6982,0.209019
2018-01-23 23:40:00,861.844116210937,9.53034400939941,2463.74733262389,26.2579803466796,-1601.9032,0.239401
2018-01-23 23:50:00,721.272094726562,8.47133922576904,1810.34944765072,26.8295402526855,-1089.0774,0.200353
2018-01-24 00:00:00,802.475280761718,8.97261428833007,2126.35159733819,26.8401699066162,-1323.8763,0.22291
2018-01-24 00:10:00,893.031311035156,9.07787609100341,2194.31090431509,26.7779903411865,-1301.2796,0.248064
2018-01-24 00:20:00,1141.15905761718,10.2191095352172,2920.98358640321,27.0370998382568,-1779.8245,0.316989
2018-01-24 00:30:00,981.346130371093,9.45510864257812,2440.51932669609,28.0406799316406,-1459.1732,0.272596
2018-01-24 00:40:00,1009.81701660156,9.29978466033935,2338.76077036094,25.9002609252929,-1328.9438,0.280505
2018-01-24 00:50:00,884.019226074218,9.66652297973632,2566.69949477875,26.4694309234619,-1682.6803,0.245561
2018-01-24 01:00:00,0.0,9.16872215270996,2253.27777296274,32.1967506408691,-2253.2778,0.0
2018-01-24 01:10:00,0.0,8.31889152526855,1717.55530216628,29.5102596282958,-1717.5553,0.0
2018-01-24 01:20:00,0.0,8.13870429992675,1610.39909828238,29.457139968872,-1610.3991,0.0
2018-01-24 01:30:00,0.0,7.38186120986938,1197.59921644087,24.4573593139648,-1197.5992,0.0
2018-01-24 01:40:00,0.0,7.1418490409851,1081.1434844852,24.1265106201171,-1081.1435,0.0
2018-01-24 01:50:00,0.0,7.44168996810913,1227.91794984611,21.8302097320556,-1227.9179,0.0
2018-01-24 02:00:00,0.0,7.77460193634033,1403.68418598706,20.1931495666503,-1403.6842,0.0
2018-01-24 02:10:00,0.0,8.06457042694091,1567.1875493894,22.2722702026367,-1567.1875,0.0
2018-01-24 02:20:00,0.0,7.99549722671508,1527.41919623029,22.4332599639892,-1527.4192,0.0
2018-01-24 02:30:00,0.0,8.22618675231933,1662.0617849137,25.5354099273681,-1662.0618,0.0
2018-01-24 02:40:00,0.0,8.99109077453613,2138.24905779996,26.883430480957,-2138.2491,0.0
2018-01-24 02:50:00,0.0,8.34066867828369,1730.69729701032,28.6911697387695,-1730.6973,0.0
2018-01-24 03:00:00,0.0,9.36453914642333,2381.13658337197,27.2192401885986,-2381.1366,0.0
2018-01-24 03:10:00,217.568298339843,9.70313930511474,2593.2694024755,29.3891792297363,-2375.7011,0.060436
2018-01-24 03:20:00,0.0,9.17793369293212,2259.27111209085,28.4191398620605,-2259.2711,0.0
2018-01-24 03:30:00,0.0,9.69645977020263,2588.45708258769,34.0411186218261,-2588.4571,0.0
2018-01-24 03:40:00,0.0,9.66735458374023,2567.30808919248,27.2804203033447,-2567.3081,0.0
2018-01-24 03:50:00,0.0,9.49782085418701,2468.55785424986,26.86323928833,-2468.5579,0.0
2018-01-24 04:00:00,91.6498870849609,9.94071388244628,2754.6851764261,28.4211902618408,-2663.0353,0.025458
2018-01-24 04:10:00,1.35959994792938,10.0114498138427,2799.20064948408,24.3016891479492,-2797.841,0.000378
2018-01-24 04:20:00,0.0,8.8663682937622,2058.22626724226,27.3048191070556,-2058.2263,0.0
2018-01-24 04:30:00,0.0,9.15191745758056,2242.35049027078,28.0863990783691,-2242.3505,0.0
2018-01-24 04:40:00,0.0,9.0782880783081,2194.57770324674,23.9822597503662,-2194.5777,0.0
2018-01-24 04:50:00,0.0,9.20424270629882,2276.40184465552,23.2677593231201,-2276.4018,0.0
2018-01-24 05:00:00,0.0,9.3525161743164,2373.26285751463,25.6904697418212,-2373.2629,0.0
2018-01-24 05:10:00,0.0,9.44371032714843,2433.04002488671,27.4129695892333,-2433.04,0.0
2018-01-24 05:20:00,0.0,9.24344635009765,2301.96295976474,29.2136192321777,-2301.963,0.0
2018-01-24 05:30:00,0.0,10.3461198806762,2989.19802370894,27.6039199829101,-2989.198,0.0
2018-01-24 05:40:00,0.0,9.43661212921142,2428.38311311097,30.2320194244384,-2428.3831,0.0
2018-01-24 05:50:00,0.0,9.82372283935546,2677.53589596416,31.6428909301757,-2677.5359,0.0
2018-01-24 06:00:00,183.951507568359,10.6258897781372,3123.72009427491,29.8219108581542,-2939.7686,0.051098
2018-01-24 06:10:00,0.0,9.88589191436767,2719.08722090713,31.4454898834228,-2719.0872,0.0
2018-01-24 06:20:00,0.0,9.7310733795166,2613.22875508032,30.7003803253173,-2613.2288,0.0
2018-01-24 06:30:00,0.0,8.80933284759521,2021.87612743679,27.3082103729248,-2021.8761,0.0
2018-01-24 06:40:00,0.0,8.86226844787597,2055.60792085893,30.2987594604492,-2055.6079,0.0
2018-01-24 07:00:00,0.0,10.1374998092651,2874.67448639275,23.2947006225585,-2874.6745,0.0
2018-01-24 07:10:00,0.0,9.56850814819335,2493.26642344629,26.7639999389648,-2493.2664,0.0
2018-01-24 07:20:00,0.0,9.3486042022705,2370.7014838494,28.4936904907226,-2370.7015,0.0
2018-01-24 07:30:00,0.0,9.19191455841064,2268.37215798232,29.8633193969726,-2268.3722,0.0
2018-01-24 07:40:00,0.0,9.55949783325195,2486.34449037945,25.697769165039,-2486.3445,0.0
2018-01-24 07:50:00,0.0,9.04095077514648,2170.42310925509,26.5679092407226,-2170.4231,0.0
2018-01-24 08:00:00,0.0,9.74486541748046,2622.98511100466,27.855390548706,-2622.9851,0.0
2018-01-24 08:10:00,0.0,9.51362991333007,2450.65327813802,22.8550300598144,-2450.6533,0.0
2018-01-24 08:20:00,0.0,10.1290798187255,2869.78370020902,31.1316604614257,-2869.7837,0.0
2018-01-24 08:30:00,0.0,9.20896434783935,2279.47827973634,27.4565696716308,-2279.4783,0.0
2018-01-24 08:40:00,0.0,10.2243003845214,2923.86267961918,29.0469207763671,-2923.8627,0.0
2018-01-24 09:40:00,0.0,10.771240234375,3185.54960846875,35.7031707763671,-3185.5496,0.0
2018-01-24 09:50:00,0.0,10.2225503921508,2922.89293003664,33.2882690429687,-2922.8929,0.0
2018-01-24 10:00:00,0.0,10.1501598358154,2881.98807956704,35.9637107849121,-2881.9881,0.0
2018-01-24 10:10:00,0.0,9.90150070190429,2729.32130434401,28.3251209259033,-2729.3213,0.0
2018-01-24 10:20:00,0.0,9.85037040710449,2695.50143215246,30.6079406738281,-2695.5014,0.0
2018-01-24 10:30:00,0.0,9.30855846405029,2344.49768520121,31.5580806732177,-2344.4977,0.0
2018-01-24 10:40:00,0.0,9.55111217498779,2479.87619991442,32.9094810485839,-2479.8762,0.0
2018-01-24 10:50:00,0.0,10.8173503875732,3204.06879404482,31.8354206085205,-3204.0688,0.0
2018-01-24 11:00:00,0.0,10.2699604034423,2948.85033339452,28.1982307434082,-2948.8503,0.0
2018-01-24 11:20:00,0.0,9.63161754608154,2540.93678469889,30.8393402099609,-2540.9368,0.0
2018-01-24 11:30:00,0.0,9.7932424545288,2656.69772378883,29.1685009002685,-2656.6977,0.0
2018-01-24 11:40:00,0.0,9.47032356262207,2450.50517861423,29.78782081604,-2450.5052,0.0
2018-01-24 11:50:00,0.0,9.29473876953125,2335.46214377796,23.2333393096923,-2335.4621,0.0
2018-01-24 12:00:00,0.0,9.95378017425537,2763.02732776104,23.1127109527587,-2763.0273,0.0
2018-01-24 12:10:00,0.0,9.6454963684082,2551.23141698258,22.1421909332275,-2551.2314,0.0
2018-01-24 12:20:00,0.0,9.68559455871582,2580.59628798643,21.3208599090576,-2580.5963,0.0
2018-01-24 12:30:00,0.0,10.6611099243164,3139.19130615491,19.7860603332519,-3139.1913,0.0
2018-01-24 12:40:00,0.0,9.13583946228027,2231.90374564113,24.0254592895507,-2231.9037,0.0
2018-01-24 12:50:00,0.0,9.9806900024414,2780.03701941652,23.9108009338378,-2780.037,0.0
2018-01-24 13:10:00,0.0,10.4523801803588,3042.7779782295,35.2499809265136,-3042.778,0.0
2018-01-24 14:00:00,0.0,10.5831899642944,3104.53526583103,26.2701301574707,-3104.5353,0.0
2018-01-24 14:10:00,0.0,11.0458297729492,3288.38416598562,24.2584991455078,-3288.3842,0.0
2018-01-24 14:20:00,0.0,10.1163501739501,2862.34910084614,28.9134101867675,-2862.3491,0.0
2018-01-24 14:30:00,0.0,9.56574153900146,2491.14415176297,27.2039699554443,-2491.1442,0.0
2018-01-24 14:40:00,0.0,10.3823699951171,3007.82771177187,26.3994903564453,-3007.8277,0.0
2018-01-24 14:50:00,0.0,11.1125202178955,3310.73932005357,28.0311794281005,-3310.7393,0.0
2018-01-24 15:50:00,0.0,9.66874122619628,2568.32234351125,35.5110702514648,-2568.3223,0.0
2018-01-24 16:30:00,0.0,10.5197801589965,3075.16694873119,34.1530418395996,-3075.1669,0.0
2018-01-24 16:50:00,0.0,10.0222301483154,2805.84680469471,28.1900596618652,-2805.8468,0.0
2018-01-24 17:00:00,0.0,10.4154996871948,3024.53444741824,35.5889816284179,-3024.5344,0.0
2018-01-24 17:20:00,0.0,10.8781099319458,3227.68715080681,32.1640815734863,-3227.6872,0.0
2018-01-24 17:30:00,0.0,11.4451103210449,3407.95818379912,29.145580291748,-3407.9582,0.0
2018-01-24 17:40:00,0.0,10.1753196716308,2896.38065735052,30.4193096160888,-2896.3807,0.0
2018-01-24 17:50:00,0.0,9.62811374664306,2538.32713709978,30.5967998504638,-2538.3271,0.0
2018-01-24 18:00:00,0.0,9.76545333862304,2637.42871106384,28.4072895050048,-2637.4287,0.0
2018-01-24 20:10:00,0.0,9.4642629623413,2446.5271999051,34.2068710327148,-2446.5272,0.0
2018-01-24 20:20:00,0.0,10.2201795578002,2921.5777165499,33.8207817077636,-2921.5777,0.0
2018-01-24 20:30:00,0.0,10.8038301467895,3198.69231669415,32.6781196594238,-3198.6923,0.0
2018-01-24 21:00:00,0.0,10.3435297012329,2987.85279440492,35.2741889953613,-2987.8528,0.0
2018-01-24 22:20:00,0.0,9.4935712814331,2465.76746530772,31.6485691070556,-2465.7675,0.0
2018-01-24 22:30:00,0.0,9.37800979614257,2389.96123651207,30.8760509490966,-2389.9612,0.0
2018-01-24 22:40:00,0.0,10.3021097183227,2966.0836706446,34.6241798400878,-2966.0837,0.0
2018-01-24 23:00:00,0.0,10.0406303405761,2817.10715243321,31.1014804840087,-2817.1072,0.0
2018-01-24 23:10:00,0.0,10.3264398574829,2978.92969687101,34.2880897521972,-2978.9297,0.0
2018-01-24 23:40:00,0.0,10.1811895370483,2899.71142309455,33.5321502685546,-2899.7114,0.0
2018-01-24 23:50:00,0.0,10.0798501968383,2840.75954385962,32.1688995361328,-2840.7595,0.0
2018-01-25 00:20:00,0.0,10.5410995483398,3085.15927361834,32.9462585449218,-3085.1593,0.0
2018-01-25 00:50:00,0.0,10.6534795761108,3135.86639136874,35.9960594177246,-3135.8664,0.0
2018-01-25 01:40:00,0.0,10.2261800765991,2924.90330546196,35.1565513610839,-2924.9033,0.0
2018-01-25 02:10:00,0.0,11.2259101867675,3346.50583973325,24.116039276123,-3346.5058,0.0
2018-01-25 02:20:00,0.0,10.5284099578857,3079.22621781543,34.1116218566894,-3079.2262,0.0
2018-01-25 03:00:00,0.0,8.81276607513427,2024.05952573497,32.060791015625,-2024.0595,0.0
2018-01-25 04:20:00,0.0,8.10063362121582,1588.14131379929,33.4495506286621,-1588.1413,0.0
2018-01-25 05:10:00,0.0,11.0276899337768,3282.13107065883,35.1790618896484,-3282.1311,0.0
2018-01-25 05:30:00,0.0,11.2453203201293,3352.35098012438,35.977180480957,-3352.351,0.0
2018-01-25 05:40:00,0.0,10.3805704116821,3006.91151256044,31.3361701965332,-3006.9115,0.0
2018-01-25 05:50:00,0.0,10.8183603286743,3204.46863076465,33.7476692199707,-3204.4686,0.0
2018-01-25 07:20:00,0.0,10.2013101577758,2911.05127209091,30.5350399017333,-2911.0513,0.0
2018-01-25 07:30:00,0.0,9.72397232055664,2608.180251472,32.464298248291,-2608.1803,0.0
2018-01-25 07:40:00,0.0,9.87541770935058,2712.17532351981,33.1087188720703,-2712.1753,0.0
2018-01-25 07:50:00,0.0,10.6164798736572,3119.53275538981,32.7548904418945,-3119.5328,0.0
2018-01-25 08:00:00,0.0,10.8939599990844,3233.70354715425,35.0141983032226,-3233.7035,0.0
2018-01-25 08:20:00,0.0,9.57037830352783,2494.69946819293,30.7720298767089,-2494.6995,0.0
2018-01-25 08:30:00,0.0,8.67859554290771,1939.21400345722,31.8885192871093,-1939.214,0.0
2018-01-25 08:40:00,0.0,10.9105596542358,3239.94085600458,35.2392692565917,-3239.9409,0.0
2018-01-25 08:50:00,0.0,10.9265098571777,3245.87312580245,35.2624702453613,-3245.8731,0.0
2018-01-25 09:20:00,0.0,10.9106502532958,3239.97472055647,32.0934104919433,-3239.9747,0.0
2018-01-25 09:30:00,0.0,9.19714927673339,2271.78117686796,31.059700012207,-2271.7812,0.0
2018-01-25 09:40:00,0.0,9.28387546539306,2328.36236426839,35.8528213500976,-2328.3624,0.0
2018-01-25 10:00:00,0.0,9.12610721588134,2225.58409313998,29.7921504974365,-2225.5841,0.0
2018-01-25 10:10:00,0.0,8.73474502563476,1974.59751044714,30.4247303009033,-1974.5975,0.0
2018-01-25 10:20:00,0.0,9.38337707519531,2393.47816119596,31.3111991882324,-2393.4782,0.0
2018-01-25 10:30:00,0.0,9.9557466506958,2764.2781142319,34.9357299804687,-2764.2781,0.0
2018-01-25 10:40:00,0.0,8.94275474548339,2107.15461644805,33.6991004943847,-2107.1546,0.0
2018-01-25 10:50:00,0.0,10.1784696578979,2898.16933842736,29.0065593719482,-2898.1693,0.0
2018-01-25 11:00:00,0.0,9.66972637176513,2569.04251820817,33.1451606750488,-2569.0425,0.0
2018-01-25 11:10:00,0.0,9.19193744659423,2268.38706186548,32.068790435791,-2268.3871,0.0
2018-01-25 11:20:00,0.0,8.50647544860839,1831.98826198821,33.6019897460937,-1831.9883,0.0
2018-01-25 11:30:00,0.0,9.01404953002929,2153.05201376024,25.9373798370361,-2153.052,0.0
2018-01-25 11:40:00,0.0,10.0949602127075,2849.74617586683,32.3072204589843,-2849.7462,0.0
2018-01-25 11:50:00,0.0,8.33736515045166,1728.70117185274,33.4550399780273,-1728.7012,0.0
2018-01-25 12:00:00,0.0,8.73814487457275,1976.74586217281,31.9106998443603,-1976.7459,0.0
2018-01-25 12:10:00,0.0,9.24086761474609,2300.28040661214,35.9808006286621,-2300.2804,0.0
2018-01-25 12:20:00,0.0,9.14502143859863,2237.86879895675,28.6490993499755,-2237.8688,0.0
2018-01-25 12:30:00,0.0,10.0629501342773,2830.62558731539,28.6665000915527,-2830.6256,0.0
2018-01-25 12:40:00,0.0,9.74934864044189,2626.14257494001,29.9559593200683,-2626.1426,0.0
2018-01-25 12:50:00,0.0,9.35339164733886,2373.83611239465,28.6772499084472,-2373.8361,0.0
2018-01-25 13:00:00,0.0,9.10743618011474,2213.4685385155,32.8806800842285,-2213.4685,0.0
2018-01-25 13:20:00,0.0,8.82939052581787,2034.64064573335,31.1034507751464,-2034.6406,0.0
2018-01-25 13:30:00,0.0,10.1248703002929,2867.33058730329,32.8726081848144,-2867.3306,0.0
2018-01-25 13:50:00,0.0,10.0914297103881,2847.65265223813,34.9374504089355,-2847.6527,0.0
2018-01-25 14:00:00,0.0,10.1054801940917,2855.96186553222,33.1215209960937,-2855.9619,0.0
2018-01-25 14:10:00,0.0,9.68456554412841,2579.84969882394,32.7985687255859,-2579.8497,0.0
2018-01-25 14:20:00,0.0,10.2682399749755,2947.919754922,34.6403884887695,-2947.9198,0.0
2018-01-25 14:30:00,0.0,9.09931945800781,2208.2052093957,31.415470123291,-2208.2052,0.0
2018-01-25 14:40:00,0.0,10.4916400909423,3061.79263773489,35.4172782897949,-3061.7926,0.0
2018-01-25 16:20:00,0.0,8.27946090698242,1693.86118787545,35.4612998962402,-1693.8612,0.0
2018-01-25 16:30:00,0.0,8.83889865875244,2040.69872135135,33.5995407104492,-2040.6987,0.0
2018-01-25 16:40:00,0.0,8.60426139831542,1892.66677285331,34.2027511596679,-1892.6668,0.0
2018-01-25 16:50:00,0.0,7.41450023651123,1214.07309452411,34.7583312988281,-1214.0731,0.0
2018-01-25 17:00:00,0.0,8.68969440460205,1946.19334651144,31.8293991088867,-1946.1933,0.0
2018-01-25 17:10:00,0.0,9.90456867218017,2731.32357863548,33.2531089782714,-2731.3236,0.0
2018-01-25 17:40:00,0.0,9.01311302185058,2152.4477794522,35.3913917541503,-2152.4478,0.0
2018-01-25 18:20:00,0.0,8.40795040130615,1771.54357947688,31.7314891815185,-1771.5436,0.0
2018-01-25 18:40:00,0.0,7.27295398712158,1143.75399452877,34.8240089416503,-1143.754,0.0
2018-01-25 18:50:00,0.0,7.87803220748901,1460.94351812838,35.7346992492675,-1460.9435,0.0
2018-01-25 19:00:00,0.0,8.19628238677978,1644.32255792328,31.3400592803955,-1644.3226,0.0
2018-01-25 23:40:00,0.0,8.65226936340332,1922.68920268078,32.7713508605957,-1922.6892,0.0
2018-01-25 23:50:00,0.0,8.98927688598632,2137.08043101147,31.4614391326904,-2137.0804,0.0
2018-01-26 00:00:00,0.0,8.55034732818603,1859.13071915032,34.420669555664,-1859.1307,0.0
2018-01-26 00:10:00,0.0,8.04429244995117,1555.46231188593,35.0295791625976,-1555.4623,0.0
2018-01-26 01:10:00,0.0,7.94170379638671,1496.79161819213,35.8337211608886,-1496.7916,0.0
2018-01-26 01:20:00,0.0,8.65611457824707,1925.10016024341,35.1013107299804,-1925.1002,0.0
2018-01-30 14:40:00,0.0,10.559700012207,3093.77917420038,0.0,-3093.7792,0.0
2018-01-30 14:50:00,0.0,10.2527599334716,2939.50821618118,0.0,-2939.5082,0.0
2018-01-30 16:40:00,0.0,0.0,0.0,0.0,0.0,0.0
2018-01-30 16:50:00,0.0,13.8598098754882,3600.0,0.0,-3600.0,0.0
2018-01-30 23:20:00,976.380310058593,7.02666187286376,1028.03627446815,7.50304889678955,-51.656,0.271217
2018-01-31 00:10:00,933.123291015625,6.85649299621582,952.674170798327,0.505927979946136,-19.5509,0.259201
2018-01-31 00:30:00,359.028289794921,5.17643880844116,380.557042815332,3.76794099807739,-21.5288,0.09973
2018-01-31 00:40:00,320.979614257812,5.07828283309936,355.466528383411,9.71814346313476,-34.4869,0.089161
2018-01-31 00:50:00,296.469909667968,5.15013599395751,373.757648171592,12.0854501724243,-77.2877,0.082353
2018-01-31 01:00:00,291.134094238281,5.06454277038574,352.015352472915,18.4866008758544,-60.8813,0.080871
2018-01-31 01:10:00,332.790985107421,5.22142696380615,392.317933519503,15.9306201934814,-59.5269,0.092442
2018-01-31 01:20:00,257.234008789062,4.85884618759155,302.064937447639,22.94234085083,-44.8309,0.071454
2018-01-31 01:30:00,141.447601318359,4.32040882110595,184.923026164521,29.4151306152343,-43.4754,0.039291
2018-01-31 01:40:00,104.782096862792,4.06493186950683,135.149855871639,35.6166305541992,-30.3678,0.029106
2018-01-31 01:50:00,163.109802246093,4.40783214569091,202.74155533079,35.3265304565429,-39.6318,0.045308
2018-01-31 02:10:00,63.774299621582,3.81510305404663,95.2347368267838,34.8998985290527,-31.4604,0.017715
2018-01-31 02:30:00,0.0,1.90673995018005,0.0,28.2332000732421,0.0,0.0
2018-01-31 02:40:00,0.0,1.59064197540283,0.0,27.5130500793457,0.0,0.0
2018-01-31 04:10:00,0.0,0.641027510166168,0.0,18.933120727539,0.0,0.0
2018-01-31 04:30:00,0.0,0.515336573123931,0.0,25.4430198669433,0.0,0.0
2018-01-31 04:40:00,0.0,0.755040526390075,0.0,21.2228603363037,0.0,0.0
